{
  "project_info": {
    "project_number": ",
    "firebase_url": "",
    "project_id": "",
    "storage_bucket": ""
  },
  "client": [
    {
      "client_info": {
        "mobilesdk_app_id": "1:769018333789:android:01a46b1f1a8e6d58",
        "android_client_info": {
          "package_name": "rn97.first"
        }
      },
      "oauth_client": [
        {
          "client_id": "769018333789-pb021bife5sjqqp9cjt0kt58g4ccv8kj.apps.googleusercontent.com",
          "client_type": 3
        }
      ],
      "api_key": [
        {
          "current_key": "xxxxxxxxxxxxxxxxxxxxxxxxxxx"
        }
      ],
      "services": {
        "analytics_service": {
          "status": 1
        },
        "appinvite_service": {
          "status": 1,
          "other_platform_oauth_client": []
        },
        "ads_service": {
          "status": 2
        }
      }
    }
  ],
  "configuration_version": "1"
}
